{"Gs_min": {"Ni": [0.0, 0.0, 0.0, 0.0, 0.0, 0.0, 0.0, 0.0, 0.0, 0.0, 0.0, 0.0, 0.0, 0.0], "Pt": [0.0, 0.0, 0.0, 0.0, 0.0, 0.0, 0.0, 0.0, 0.0, 0.0, 0.0, 0.0, 0.0, 0.0]}, "Gs_max": {"Ni": [11.20449447631836, 9.439022064208984, 7.967276573181152, 5.840070724487305, 3.3958804607391357, 1.318860411643982, 0.22088637948036194, 9.206456184387207, 7.58316707611084, 6.24518346786499, 4.520590305328369, 2.5505166053771973, 0.8546335697174072, 0.10042980313301086], "Pt": [11.619626998901367, 9.682794570922852, 8.063936233520508, 5.736001014709473, 3.1459298133850098, 1.052171230316162, 0.13044647872447968, 11.371771812438965, 9.18496322631836, 7.454143047332764, 5.109598636627197, 2.6591498851776123, 0.8373153209686279, 0.09045550972223282]}}