{"names": ["3_024", "3_074", "3_124", "3_174", "3_224", "3_274", "3_324", "3_374", "3_424", "3_474", "3_524", "3_574", "3_624", "3_674", "3_724", "3_774", "3_824", "3_874", "3_924", "3_974", "4_024"], "a": [3.024, 3.074, 3.124, 3.174, 3.224, 3.274, 3.324, 3.374, 3.424, 3.474, 3.524, 3.574, 3.624, 3.674, 3.724, 3.774, 3.824, 3.874, 3.924, 3.974, 4.024], "e_dft_tot": [-1366.099130299958, -1366.6467260663073, -1367.0932462357432, -1367.453206993103, -1367.7391080236218, -1367.9607905963887, -1368.1264989443732, -1368.2441530769065, -1368.320744959073, -1368.3625842305062, -1368.3749871792722, -1368.3625217803803, -1368.3289663344804, -1368.2777421288656, -1368.2119433699959, -1368.134323169633, -1368.047350008465, -1367.95236391109, -1367.850727895726, -1367.7439765483662, -1367.6332690739628], "e_dft_bond": [-2.597831089024794, -3.145426855374126, -3.591947024809997, -3.951907782169883, -4.237808812688627, -4.459491385455522, -4.625199733440013, -4.742853865973302, -4.819445748139742, -4.861285019572961, -4.873687968339027, -4.861222569447136, -4.827667123547144, -4.7764429179324, -4.710644159062667, -4.633023958699823, -4.546050797531734, -4.451064700156849, -4.349428684792883, -4.242677337432951, -4.131969863029553]}