{"names": ["3_4242", "3_4742", "3_5242", "3_5742", "3_6242", "3_6742", "3_7242", "3_7742", "3_8242", "3_8742", "3_9242", "3_9742", "4_0242", "4_0742", "4_1242", "4_1742", "4_2242", "4_2742", "4_3242", "4_3742", "4_4242"], "a": [3.4242, 3.4742, 3.5242, 3.5742, 3.6242, 3.6742, 3.7242, 3.7742, 3.8242, 3.8742, 3.9242, 3.9742, 4.0242, 4.0742, 4.1242, 4.1742, 4.2242, 4.2742, 4.3242, 4.3742, 4.4242], "e_dft_tot": [-984.426154647293, -985.3927298054109, -986.1941133597239, -986.8518873390602, -987.3850360374876, -987.8101728211974, -988.1418363244184, -988.3928965793202, -988.5746442693535, -988.6970084203203, -988.7686290547683, -988.7971552927022, -988.789264399552, -988.7508797493574, -988.6872565406273, -988.60262981709, -988.5004620912854, -988.3861452989263, -988.2613880428055, -988.1283209742799, -987.9886943295597], "e_dft_bond": [-1.1514941988839382, -2.1180693570019002, -2.91945291131492, -3.577226890651218, -4.110375589078558, -4.535512372788389, -4.867175876009355, -5.118236130911214, -5.299983820944476, -5.422347971911336, -5.493968606359317, -5.522494844293192, -5.5146039511430445, -5.476219300948401, -5.412596092218337, -5.327969368681011, -5.225801642876377, -5.111484850517286, -4.986727594396484, -4.8536605258708505, -4.714033881150726]}